,show_id,release_year
count,6234.0,6234.0
mean,76703679.31985883,2013.3593198588387
std,10942964.649884764,8.811620351521558
min,247747.0,1925.0
25%,80035801.75,2013.0
50%,80163367.0,2016.0
75%,80244888.75,2018.0
max,81235729.0,2020.0
